{
    "f1": 0.5295315682281059,
    "roc_auc": 0.8138837174197445
}