{
    "f1": 0.5318681318681318,
    "roc_auc": 0.8432877125893128
}