{
    "f1": 0.5509761388286334,
    "roc_auc": 0.8403997266109825
}