{
    "f1": 0.5362637362637364,
    "roc_auc": 0.8419302019388815
}